UserID,FirstName,LastName,city,state,email
100,Josephine,Darakjy,Brighton,MI,josephine_darakjy@darakjy.org
101,Art,Venere,Bridgeport,NJ,art@venere.org
102,Lenna,Paprocki,Anchorage,AK,lpaprocki@hotmail.com
103,Donette,Foller,Hamilton,OH,donette.foller@cox.net
104,Simona,Morasca,Ashland,OH,simona@morasca.com
105,Mitsue,Tollner,Chicago,IL,mitsue_tollner@yahoo.com
106,Leota,Dilliard,San Jose,CA,leota@hotmail.com
107,Sage,Wieser,Sioux Falls,SD,sage_wieser@cox.net
108,Kris,Marrier,Baltimore,MD,kris@gmail.com
109,Minna,Amigon,Kulpsville,PA,minna_amigon@yahoo.com
110,Abel,Maclead,Middle Island,NY,amaclead@gmail.com
111,Kiley,Caldarera,Los Angeles,CA,kiley.caldarera@aol.com
112,Graciela,Ruta,Chagrin Falls,OH,gruta@cox.net
113,Cammy,Albares,Laredo,TX,calbares@gmail.com
114,Mattie,Poquette,Phoenix,AZ,mattie@aol.com
115,Meaghan,Garufi,Mc Minnville,TN,meaghan@hotmail.com
116,Gladys,Rim,Milwaukee,WI,gladys.rim@rim.org
117,Yuki,Whobrey,Taylor,MI,yuki_whobrey@aol.com
118,Fletcher,Flosi,Rockford,IL,fletcher.flosi@yahoo.com
119,Bette,Nicka,Aston,PA,bette_nicka@cox.net
120,Veronika,Inouye,San Jose,CA,vinouye@aol.com
121,Willard,Kolmetz,Irving,TX,willard@hotmail.com
122,Maryann,Royster,Albany,NY,mroyster@royster.com
123,Alisha,Slusarski,Middlesex,NJ,alisha@slusarski.com
124,Allene,Iturbide,Stevens Point,WI,allene_iturbide@cox.net
125,Chanel,Caudy,Shawnee,KS,chanel.caudy@caudy.org
126,Ezekiel,Chui,Easton,MD,ezekiel@chui.com
127,Willow,Kusko,New York,NY,wkusko@yahoo.com
128,Bernardo,Figeroa,Conroe,TX,bfigeroa@aol.com
129,Ammie,Corrio,Columbus,OH,ammie@corrio.com
130,Francine,Vocelka,Las Cruces,NM,francine_vocelka@vocelka.com
131,Ernie,Stenseth,Ridgefield Park,NJ,ernie_stenseth@aol.com
132,Albina,Glick,Dunellen,NJ,albina@glick.com
133,Alishia,Sergi,New York,NY,asergi@gmail.com
134,Solange,Shinko,Metairie,LA,solange@shinko.com
135,Jose,Stockham,New York,NY,jose@yahoo.com
136,Rozella,Ostrosky,Camarillo,CA,rozella.ostrosky@ostrosky.com
137,Valentine,Gillian,San Antonio,TX,valentine_gillian@gmail.com
138,Kati,Rulapaugh,Abilene,KS,kati.rulapaugh@hotmail.com
139,Youlanda,Schemmer,Prineville,OR,youlanda@aol.com
140,Dyan,Oldroyd,Overland Park,KS,doldroyd@aol.com
141,Roxane,Campain,Fairbanks,AK,roxane@hotmail.com
142,Lavera,Perin,Miami,FL,lperin@perin.org
143,Erick,Ferencz,Fairbanks,AK,erick.ferencz@aol.com
144,Fatima,Saylors,Hopkins,MN,fsaylors@saylors.org
145,Jina,Briddick,Boston,MA,jina_briddick@briddick.com
146,Kanisha,Waycott,Los Angeles,CA,kanisha_waycott@yahoo.com
147,Emerson,Bowley,Madison,WI,emerson.bowley@bowley.org
148,Blair,Malet,Philadelphia,PA,bmalet@yahoo.com
149,Brock,Bolognia,New York,NY,bbolognia@yahoo.com
150,Lorrie,Nestle,Tullahoma,TN,lnestle@hotmail.com
151,Sabra,Uyetake,Columbia,SC,sabra@uyetake.org
152,Marjory,Mastella,Wayne,PA,mmastella@mastella.com
153,Karl,Klonowski,Flemington,NJ,karl_klonowski@yahoo.com
154,Tonette,Wenner,Westbury,NY,twenner@aol.com
155,Amber,Monarrez,Jenkintown,PA,amber_monarrez@monarrez.org
156,Shenika,Seewald,Van Nuys,CA,shenika@gmail.com
157,Delmy,Ahle,Providence,RI,delmy.ahle@hotmail.com
158,Deeanna,Juhas,Huntingdon Valley,PA,deeanna_juhas@gmail.com
159,Blondell,Pugh,Providence,RI,bpugh@aol.com
160,Jamal,Vanausdal,Monroe Township,NJ,jamal@vanausdal.org
161,Cecily,Hollack,Austin,TX,cecily@hollack.org
162,Carmelina,Lindall,Littleton,CO,carmelina_lindall@lindall.com
163,Maurine,Yglesias,Milwaukee,WI,maurine_yglesias@yglesias.com
164,Tawna,Buvens,New York,NY,tawna@gmail.com
165,Penney,Weight,Anchorage,AK,penney_weight@aol.com
166,Elly,Morocco,Erie,PA,elly_morocco@gmail.com
167,Ilene,Eroman,Glen Burnie,MD,ilene.eroman@hotmail.com
168,Vallie,Mondella,Boise,ID,vmondella@mondella.com
169,Kallie,Blackwood,San Francisco,CA,kallie.blackwood@gmail.com
170,Johnetta,Abdallah,Chapel Hill,NC,johnetta_abdallah@aol.com
171,Bobbye,Rhym,San Carlos,CA,brhym@rhym.com
172,Micaela,Rhymes,Concord,CA,micaela_rhymes@gmail.com
173,Tamar,Hoogland,London,OH,tamar@hotmail.com
174,Moon,Parlato,Wellsville,NY,moon@yahoo.com
175,Laurel,Reitler,Baltimore,MD,laurel_reitler@reitler.com
176,Delisa,Crupi,Newark,NJ,delisa.crupi@crupi.com
177,Viva,Toelkes,Chicago,IL,viva.toelkes@gmail.com
178,Elza,Lipke,Newark,NJ,elza@yahoo.com
179,Devorah,Chickering,Clovis,NM,devorah@hotmail.com
180,Timothy,Mulqueen,Staten Island,NY,timothy_mulqueen@mulqueen.org
181,Arlette,Honeywell,Jacksonville,FL,ahoneywell@honeywell.com
182,Dominque,Dickerson,Hayward,CA,dominque.dickerson@dickerson.org
183,Lettie,Isenhower,Beachwood,OH,lettie_isenhower@yahoo.com
184,Myra,Munns,Euless,TX,mmunns@cox.net
185,Stephaine,Barfield,Gardena,CA,stephaine@barfield.com
186,Lai,Gato,Evanston,IL,lai.gato@gato.org
187,Stephen,Emigh,Akron,OH,stephen_emigh@hotmail.com
188,Tyra,Shields,Philadelphia,PA,tshields@gmail.com
189,Tammara,Wardrip,Burlingame,CA,twardrip@cox.net
190,Cory,Gibes,San Gabriel,CA,cory.gibes@gmail.com
191,Danica,Bruschke,Waco,TX,danica_bruschke@gmail.com
192,Wilda,Giguere,Anchorage,AK,wilda@cox.net
193,Elvera,Benimadho,San Jose,CA,elvera.benimadho@cox.net
194,Carma,Vanheusen,San Leandro,CA,carma@cox.net
195,Malinda,Hochard,Indianapolis,IN,malinda.hochard@yahoo.com
196,Natalie,Fern,Rock Springs,WY,natalie.fern@hotmail.com
197,Lisha,Centini,Mc Lean,VA,lisha@centini.org
